Course,Is It Present
comp-AGBUS197R,No Syllabus
comp-ACCTG205,No
ACCTG180,No
ACCTG201,No
ACCTG202,No
ACCTG205,No
AGBUS105,No
AGBUS138,Yes
AGBUS147,No
AGBUS180A,No
AGBUS180B,No
AGBUS197R,No Syllabus
ANTH101,No
ARCH270,No Syllabus
ART107,No
ART110,No
ART130,No
ART160,No
ART230,No
ART235,No
ART331R,No
ART337R,No
AUTO125,No
AUTO131,No
AUTO132,No
AUTO155,No
AUTO201,No Syllabus
AUTO231,No
AUTO232,No
B100,No
B101,No
B120,No
B129,No
B183,url for syllabus doesnt work
B201,No
B211,No
B240,No
B241,url for syllabus doesnt work
B250,No
B275,No
B283,No
B301,No
B320,No
B321,No
B341,No
B351,No Syllabus
B361,No
B370,No
B374,No
B380,No
B383,No
B398R,No Syllabus
B410,No
B424,No
B424D,No
B428,No
B433,No
B475,No
B483,No
BIO180,No Syllabus
BIO221,No
BIO230,No
BIO264,No
BIO264L,No
BIO265,No
BIO265L,No
BIO375,No
BIO381,No
BIO475,No
BUS115,No Syllabus
BUS180,No Syllabus
CHEM101,No
CHEM101L,No
CHILD210,No
CHILD300,No
CHILD310,No
CHILD320,No
CIT110,No
CIT111,No
CIT160,No
CIT225,No
CIT230,No
CIT240,No
CIT241,No
CIT260,No
CIT261,No
CIT262,No
CIT270,No
CIT325,No
CIT336,No
CIT352,No
CIT353,No
CIT360,No
CIT365,No
CIT380,No
CIT381,No
CIT490,No Syllabus
CIT495,No Syllabus
CIT498,No Syllabus
CITBC102,No Syllabus
CITBC125,No Syllabus
CITBC150,No Syllabus
COMM102,No
COMM111,No
COMM130,No
COMM140,No
COMM150,No
COMM175,No
COMM250,No
COMM273,No
COMM280,No
COMM289,No
COMM297R,No Syllabus
COMM307,No
COMM310,No
COMM315,No
COMM350,No
COMM352,No
COMM450,No
COMM497R,No
CONST320,No
CONST330,No Syllabus
CONST380,No
CS101,No
CS124,No
CS165,No
CS213,No
CS235,No
CS241,No
CS246,No
CS308,No
CS313,No
CS345,No
CS364,No
CS371,No
CS398,No
CS416,No
CS432,No
CS470,No
CS499,No
CS499A,No
CS499B,No
ECEN160,No
ECON150,No
ECON151,Yes
ECON365,No
ED200,No
ED202,No
ED312,No
ENG106,No
ENG106L,No
ENG107,No
ENG251,No
ENG252,No
ENG314,No
ENG325,No
ENG332,No
ENG335,No
ENG355,No
ENG450,No
FAML100,No
FAML110,No
FAML120,No
FAML150,No
FAML160,No
FAML200,No
FAML220,No
FAML300,No
FAML360,No
FAML400,No
FAML420,No
FAML430,No
FAML445,No
FAML460,No
FAML498R,No
FCS101,No
FCS110,No
FCS207,No
FCS245,No
FCS340,No
FDAMF101,No
FDENG101,No
FDENG301,No
FDHUM110,No
FDINT211,No
FDMAT108,No
FDMAT112,No
FDREL121,No
FDREL122,No
FDREL130,No
FDREL200,No
FDREL211,No
FDREL212,No
FDREL225,No
FDREL250,No
FDREL261,No
FDREL275,No
FDREL301,No
FDREL302,No
FDREL324,No
FDREL325,No
FDREL333,No
FDSCI101,No
FDSCI201,No
FDSCI203,No
FDSCI205,No
FHGEN111,No
FHGEN112,No
FHGEN120,No
FHGEN130,No
FHGEN140,No
FHGEN160,No
FHGEN211,No
FHGEN212,No
FHGEN251A,No
FHGEN251B,No
FHGEN251C,No
FHGEN251D,No
FHGEN252A,No
FHGEN252B,No
FHGEN252C,No
FHGEN252D,No
FHGEN270,No
FHGEN399,No
GEOL111,No
GER101,No
GS100,No Syllabus
GS101,No
GS103A,No Syllabus
GS103B,No Syllabus
GS103C,No Syllabus
GS103D,No Syllabus
GS103E,No Syllabus
GS103F,No Syllabus
GS105,No
GS107,No Syllabus
GS111,No
GS120,No
GS120L,No
GS294,Yes
GSOBC125,No Syllabus
GSOBC126,No Syllabus
GSOBC223,No Syllabus
GSOBC225,No Syllabus
GSPC120L,No
HRHP131,No
HS240,No
HS280,No
HS285,No
HS310,No
HS320,No
HS345,No
HS370,No
HS375,No
HS378,No
HS384,No
HS390,No
HS391,No
HS401,No
HS420,No
HS425,No
HS460,No
HS465,No
HS472,No
HS480,No
HS484,No
HS486,No
HTMBC110,No
HTMBC130,No
HTMBC150,No
HTMBC220,No Syllabus
HTMBC240,No Syllabus
IDS398R,No Syllabus
IDS499,No
INTST100,No
IT125,No Syllabus
IT150,No Syllabus
LR111,No
MA106,No
MATH100B,No
MATH100G,url for syllabus doesnt work
MATH100L,No
MATH101,No
MATH109,No
MATH110X,No
MATH111,No
MATH215,No
MATH221A,No
MATH221B,No
MATH221C,No
MATH316,No Syllabus
ME142,No
ME172,Yes
ME201,No
ME202,Yes
ME204,No
ME231,No
ME250,No
ME272,Yes
NURS316,No
NURS338,No
NURS340,No
NURS400,No
NURS449,No
NURS450,No
NUTR150,No
NUTR200,No
PC101,No Syllabus
PH105,No
PH121,No
PH223,No
PMBC140,No Syllabus
POLSC110,No
POLSC150,No
POLSC170,No
PSYCH111,No
PSYCH112,No
PSYCH201,No
PSYCH302,No
PSYCH311,No
PSYCH342,No
PSYCH350,No
PSYCH376,No
RELPC121,No
RM304,No
RM307,No
RM370,No
RM371,No
RM373R,No
RM473,No
SMMBC105,No
SMMBC120,No
SMMBC130,No
SMMBC150,No
SMMBC160,No
SOC111,No
SOC311,No
SOC323,No
SOC383,No Syllabus
SPAN101,No
SPAN102,No
SPAN302,No
SPED200,No
SPED310,No
SPED360,No
SW260,No
SW463,No
TA115,No
TA116,No
TA401,No
TA402,No
TESOL101,No
TESOL102,No
TESOL103,No
TESOL104,No
TESOL105,No
WDD100,No
WDD331,No
WDD398,No Syllabus
WDD499,No Syllabus